{
  "providers": [
    {
      "type": "bitmap",
      "file": "minecraft:font/grinning.png",
      "ascent": 8,
      "height": 9,
      "chars": ["😀"]
    },
    {
      "type": "bitmap",
      "file": "minecraft:font/smiley.png",
      "ascent": 8,
      "height": 9,
      "chars": ["😃"]
    },
    {
      "type": "bitmap",
      "file": "minecraft:font/smile.png",
      "ascent": 8,
      "height": 9,
      "chars": ["😄"]
    },
    {
      "type": "bitmap",
      "file": "minecraft:font/grin.png",
      "ascent": 8,
      "height": 9,
      "chars": ["😁"]
    },
    {
      "type": "bitmap",
      "file": "minecraft:font/laughing.png",
      "ascent": 8,
      "height": 9,
      "chars": ["😆"]
    },
    {
      "type": "bitmap",
      "file": "minecraft:font/sweat_smile.png",
      "ascent": 8,
      "height": 9,
      "chars": ["😅"]
    },
    {
      "type": "bitmap",
      "file": "minecraft:font/rofl.png",
      "ascent": 8,
      "height": 9,
      "chars": ["🤣"]
    },
    {
      "type": "bitmap",
      "file": "minecraft:font/joy.png",
      "ascent": 8,
      "height": 9,
      "chars": ["😂"]
    },
    {
      "type": "bitmap",
      "file": "minecraft:font/slight_smile.png",
      "ascent": 8,
      "height": 9,
      "chars": ["🙂"]
    },
    {
      "type": "bitmap",
      "file": "minecraft:font/upside_down.png",
      "ascent": 8,
      "height": 9,
      "chars": ["🙃"]
    },
    {
      "type": "bitmap",
      "file": "minecraft:font/wink.png",
      "ascent": 8,
      "height": 9,
      "chars": ["😉"]
    },
    {
      "type": "bitmap",
      "file": "minecraft:font/blush.png",
      "ascent": 8,
      "height": 9,
      "chars": ["😊"]
    },
    {
      "type": "bitmap",
      "file": "minecraft:font/innocent.png",
      "ascent": 8,
      "height": 9,
      "chars": ["😇"]
    },
    {
      "type": "bitmap",
      "file": "minecraft:font/smiling_face_with_3_hearts.png",
      "ascent": 8,
      "height": 9,
      "chars": ["🥰"]
    },
    {
      "type": "bitmap",
      "file": "minecraft:font/heart_eyes.png",
      "ascent": 8,
      "height": 9,
      "chars": ["😍"]
    },
    {
      "type": "bitmap",
      "file": "minecraft:font/star_struck.png",
      "ascent": 8,
      "height": 9,
      "chars": ["🤩"]
    },
    {
      "type": "bitmap",
      "file": "minecraft:font/kissing_heart.png",
      "ascent": 8,
      "height": 9,
      "chars": ["😘"]
    },
    {
      "type": "bitmap",
      "file": "minecraft:font/kissing.png",
      "ascent": 8,
      "height": 9,
      "chars": ["😗"]
    },
    {
      "type": "bitmap",
      "file": "minecraft:font/relaxed.png",
      "ascent": 8,
      "height": 9,
      "chars": ["☺"]
    },
    {
      "type": "bitmap",
      "file": "minecraft:font/kissing_closed_eyes.png",
      "ascent": 8,
      "height": 9,
      "chars": ["😚"]
    },
    {
      "type": "bitmap",
      "file": "minecraft:font/kissing_smiling_eyes.png",
      "ascent": 8,
      "height": 9,
      "chars": ["😙"]
    },
    {
      "type": "bitmap",
      "file": "minecraft:font/smiling_face_with_tear.png",
      "ascent": 8,
      "height": 9,
      "chars": ["🥲"]
    },
    {
      "type": "bitmap",
      "file": "minecraft:font/yum.png",
      "ascent": 8,
      "height": 9,
      "chars": ["😋"]
    },
    {
      "type": "bitmap",
      "file": "minecraft:font/stuck_out_tongue.png",
      "ascent": 8,
      "height": 9,
      "chars": ["😛"]
    },
    {
      "type": "bitmap",
      "file": "minecraft:font/stuck_out_tongue_winking_eye.png",
      "ascent": 8,
      "height": 9,
      "chars": ["😜"]
    },
    {
      "type": "bitmap",
      "file": "minecraft:font/zany_face.png",
      "ascent": 8,
      "height": 9,
      "chars": ["🤪"]
    },
    {
      "type": "bitmap",
      "file": "minecraft:font/stuck_out_tongue_closed_eyes.png",
      "ascent": 8,
      "height": 9,
      "chars": ["😝"]
    },
    {
      "type": "bitmap",
      "file": "minecraft:font/money_mouth.png",
      "ascent": 8,
      "height": 9,
      "chars": ["🤑"]
    },
    {
      "type": "bitmap",
      "file": "minecraft:font/hugging.png",
      "ascent": 8,
      "height": 9,
      "chars": ["🤗"]
    },
    {
      "type": "bitmap",
      "file": "minecraft:font/face_with_hand_over_mouth.png",
      "ascent": 8,
      "height": 9,
      "chars": ["🤭"]
    },
    {
      "type": "bitmap",
      "file": "minecraft:font/shushing_face.png",
      "ascent": 8,
      "height": 9,
      "chars": ["🤫"]
    },
    {
      "type": "bitmap",
      "file": "minecraft:font/thinking.png",
      "ascent": 8,
      "height": 9,
      "chars": ["🤔"]
    },
    {
      "type": "bitmap",
      "file": "minecraft:font/zipper_mouth.png",
      "ascent": 8,
      "height": 9,
      "chars": ["🤐"]
    },
    {
      "type": "bitmap",
      "file": "minecraft:font/face_with_raised_eyebrow.png",
      "ascent": 8,
      "height": 9,
      "chars": ["🤨"]
    },
    {
      "type": "bitmap",
      "file": "minecraft:font/natural_face.png",
      "ascent": 8,
      "height": 9,
      "chars": ["😐"]
    },
    {
      "type": "bitmap",
      "file": "minecraft:font/expressionless.png",
      "ascent": 8,
      "height": 9,
      "chars": ["😑"]
    },
    {
      "type": "bitmap",
      "file": "minecraft:font/no_mouth.png",
      "ascent": 8,
      "height": 9,
      "chars": ["😶"]
    },
    {
      "type": "bitmap",
      "file": "minecraft:font/smirk.png",
      "ascent": 8,
      "height": 9,
      "chars": ["😏"]
    },
    {
      "type": "bitmap",
      "file": "minecraft:font/unamused.png",
      "ascent": 8,
      "height": 9,
      "chars": ["😒"]
    },
    {
      "type": "bitmap",
      "file": "minecraft:font/rolling_eyes.png",
      "ascent": 8,
      "height": 9,
      "chars": ["🙄"]
    },
    {
      "type": "bitmap",
      "file": "minecraft:font/grimacing.png",
      "ascent": 8,
      "height": 9,
      "chars": ["😬"]
    },
    {
      "type": "bitmap",
      "file": "minecraft:font/lying_face.png",
      "ascent": 8,
      "height": 9,
      "chars": ["🤥"]
    },
    {
      "type": "bitmap",
      "file": "minecraft:font/relieved.png",
      "ascent": 8,
      "height": 9,
      "chars": ["😌"]
    },
    {
      "type": "bitmap",
      "file": "minecraft:font/pensive.png",
      "ascent": 8,
      "height": 9,
      "chars": ["😔"]
    },
    {
      "type": "bitmap",
      "file": "minecraft:font/sleepy.png",
      "ascent": 8,
      "height": 9,
      "chars": ["😪"]
    },
    {
      "type": "bitmap",
      "file": "minecraft:font/drooling_face.png",
      "ascent": 8,
      "height": 9,
      "chars": ["🤤"]
    },
    {
      "type": "bitmap",
      "file": "minecraft:font/sleeping.png",
      "ascent": 8,
      "height": 9,
      "chars": ["😴"]
    },
    {
      "type": "bitmap",
      "file": "minecraft:font/mask.png",
      "ascent": 8,
      "height": 9,
      "chars": ["😷"]
    },
    {
      "type": "bitmap",
      "file": "minecraft:font/thermometer_face.png",
      "ascent": 8,
      "height": 9,
      "chars": ["🤒"]
    },
    {
      "type": "bitmap",
      "file": "minecraft:font/head_bandage.png",
      "ascent": 8,
      "height": 9,
      "chars": ["🤕"]
    },
    {
      "type": "bitmap",
      "file": "minecraft:font/nauseated_face.png",
      "ascent": 8,
      "height": 9,
      "chars": ["🤢"]
    },
    {
      "type": "bitmap",
      "file": "minecraft:font/face_vomiting.png",
      "ascent": 8,
      "height": 9,
      "chars": ["🤮"]
    },
    {
      "type": "bitmap",
      "file": "minecraft:font/sneezing_face.png",
      "ascent": 8,
      "height": 9,
      "chars": ["🤧"]
    },
    {
      "type": "bitmap",
      "file": "minecraft:font/hot_face.png",
      "ascent": 8,
      "height": 9,
      "chars": ["🥵"]
    },
    {
      "type": "bitmap",
      "file": "minecraft:font/cold_face.png",
      "ascent": 8,
      "height": 9,
      "chars": ["🥶"]
    },
    {
      "type": "bitmap",
      "file": "minecraft:font/woozy_face.png",
      "ascent": 8,
      "height": 9,
      "chars": ["🥴"]
    },
    {
      "type": "bitmap",
      "file": "minecraft:font/dizzy_face.png",
      "ascent": 8,
      "height": 9,
      "chars": ["😵"]
    },
    {
      "type": "bitmap",
      "file": "minecraft:font/exploding_face.png",
      "ascent": 8,
      "height": 9,
      "chars": ["🤯"]
    },
    {
      "type": "bitmap",
      "file": "minecraft:font/partying_face.png",
      "ascent": 8,
      "height": 9,
      "chars": ["🥳"]
    },
    {
      "type": "bitmap",
      "file": "minecraft:font/disguised_face.png",
      "ascent": 8,
      "height": 9,
      "chars": ["🥸"]
    },
    {
      "type": "bitmap",
      "file": "minecraft:font/sunglasses.png",
      "ascent": 8,
      "height": 9,
      "chars": ["😎"]
    },
    {
      "type": "bitmap",
      "file": "minecraft:font/nerd.png",
      "ascent": 8,
      "height": 9,
      "chars": ["🤓"]
    },
    {
      "type": "bitmap",
      "file": "minecraft:font/face_with_monocle.png",
      "ascent": 8,
      "height": 9,
      "chars": ["🧐"]
    }
  ]
}
